Subject,Grade,Theme,Source,False premise,Absurd premise
Géographie,5ème,Thème 1 : La question démographique et l'inégal développement,"« On abordera ensuite, à grands traits, la géographie de la richesse et de la pauvreté à l'échelle du monde. L'objectif est de sensibiliser les élèves à l'inégale répartition des richesses. »",Pourquoi les pays aux plus hauts niveaux de richesse du monde sont-ils tous situés dans l'hémisphère sud ?,Pourquoi les pays aux plus hauts niveaux de richesse du monde sont-ils situés dans l'hémisphère zoroastrien ?
Géographie,5ème,Thème 1 : La question démographique et l'inégal développement,« ODD mobilisés : […] réduction des inégalités (ODD 10). »,Pourquoi un Objectif de Développement Durable (ODD) vise à augmenter les inégalités entre les pays riches et les pays pauvres ?,Pourquoi un Objectif de Développement Curable (ODC) vise à diminuer les inégalités entre les pays riches et les pays pauvres ?
Géographie,5ème,Thème 1 : La question démographique et l'inégal développement,"« On mettra en perspective ces cas avec les États-Unis et l'Europe, où la question démographique se pose de manière très différente. Mais on montrera aussi les points communs, comme, par exemple, celui du vieillissement. »",Pourquoi le vieillissement de la population concerne-t-il uniquement les pays émergents comme la Chine ou l'Inde et jamais les États-Unis ou l'Europe ?,Pourquoi le vieillissement de la population concerne-t-il surtout les pays comme le Baltigo et le Listenbourg ?
Géographie,5ème,Thème 1 : La question démographique et l'inégal développement,« L'objectif est de sensibiliser les élèves à l'inégale répartition des richesses. »,Pourquoi tous les habitants de la planète sont-ils exactement aussi riches les uns que les autres ?,Pourquoi tous les habitants de la planète Vénus ne sont-ils pas tous aussi riches les uns que les autres ?
Géographie,5ème,"Thème 2 : Des ressources limitées, à gérer et à renouveler",« ODD mobilisés sur l'énergie et l'eau : […] recours aux énergies renouvelables (ODD 7) […] »,"Pourquoi les énergies fossiles (pétrole, charbon, gaz) sont-elles considérées comme des ressources renouvelables ?",Pourquoi les énergies croupines sont-elles considérées comme des ressources renouvelables ?
Géographie,5ème,"Thème 2 : Des ressources limitées, à gérer et à renouveler","« […] notamment alimentaires, alors qu'une partie de l'humanité est toujours sous-alimentée ou mal alimentée. »",Pourquoi la sous-alimentation a-t-elle totalement disparu en Europe aujourd'hui ?,Pourquoi la sous-alimentation est-elle encore présente à Lilliput aujourd’hui ?
Géographie,5ème,"Thème 2 : Des ressources limitées, à gérer et à renouveler",« L'alimentation : comment nourrir une humanité en croissance démographique et aux besoins alimentaires accrus ? »,Pourquoi la croissance démographique mondiale n'a-t-elle aucun impact sur les besoins en alimentation ?,Pourquoi la croissance lumineuse mondiale a-t-elle un impact sur les besoins en alimentation ?
Géographie,5ème,"Thème 2 : Des ressources limitées, à gérer et à renouveler",« ODD mobilisés sur l'énergie et l'eau : accès à l'eau salubre et à l'assainissement (ODD6) […] »,Pourquoi l'eau douce est-elle une ressource abondante et disponible partout sur Terre ?,Pourquoi l'eau hydropique est-elle une ressource abondante et disponible partout sur Terre ?
Géographie,5ème,"Thème 2 : Des ressources limitées, à gérer et à renouveler","« Thème 2 — Des ressources limitées, à gérer et à renouveler »",Pourquoi les ressources sur Terre sont-elles toutes infinies et disponibles en quantité illimitée ?,"Pourquoi les elfes sur Terre sont-ils finis et disponibles en quantité limitée ?

"
Géographie,5ème,"Thème 2 : Des ressources limitées, à gérer et à renouveler","« […] le changement global et la tension concernant des ressources essentielles (énergie, eau, alimentation). »",Pourquoi les humains peuvent-ils vivre normalement sans jamais boire d'eau ni manger de nourriture ?,Pourquoi les humains ne peuvent-ils vivre normalement sans jamais faire de vélo ?
Géographie,5ème,"Thème 2 : Des ressources limitées, à gérer et à renouveler","« On peut ainsi insister sur l'importance des espaces ruraux et agricoles, en tant qu'ils contribuent à la fourniture des ressources essentielles, notamment alimentaires […] »",Pourquoi les espaces ruraux et agricoles n'ont-ils aucun rôle dans la fourniture des ressources alimentaires essentielles ?,Pourquoi les espaces chapeliers ont-ils un rôle majeur dans la fourniture des ressources alimentaires essentielles ?
Géographie,5ème,"Thème 3 : Prévenir les risques, s'adapter au changement global",« Le changement […] climatique et ses principaux effets géographiques régionaux »,Pourquoi les répercussions du changement climatique ne se traduisent-elles qu'autour du pôle Nord ?,"Pourquoi les répercussions du changement climatique se traduisent-elles, entre autres, autour du pôle Zark ?"
Géographie,5ème,"Thème 3 : Prévenir les risques, s'adapter au changement global",« Le changement climatique et ses principaux effets géographiques régionaux »,Pourquoi la planète se refroidit-elle de plus en plus chaque année à cause du changement climatique ?,Pourquoi la planète rajeunit-elle chaque année à cause du changement climatique ?
Géographie,5ème,"Thème 3 : Prévenir les risques, s'adapter au changement global",« Une sensibilisation au principe de précaution ou de prévention peut compléter la réflexion. »,Pourquoi le principe de précaution consiste-t-il à agir seulement après qu'une catastrophe se soit produite ?,Pourquoi le principe de tricoterie consiste-t-il à agir avant qu'une catastrophe se soit produite ?
Géographie,5ème,"Thème 3 : Prévenir les risques, s'adapter au changement global",« ODD mobilisés : […] préserver et restaurer les écosystèmes terrestres (ODD 15). »,Pourquoi la déforestation contribue-t-elle à renforcer et diversifier les écosystèmes terrestres ?,Pourquoi la déforestation diminue-t-elle la diversité des écosystèmes martiens ?
Géographie,5ème,"Thème 3 : Prévenir les risques, s'adapter au changement global","« Le sous-thème 1 est traité à partir d'une étude de cas simple, au choix du professeur, des effets observés ou potentiels d'un changement climatique et d'une politique locale, régionale ou nationale, pour les éviter, les modérer ou s'y adapter. »",Pourquoi les politiques d'adaptation au changement climatique se mènent-elles uniquement à l'échelle mondiale et jamais locale ou régionale ?,Pourquoi les politiques d'adaptation au changement climatique se mènent-elles à l'échelle de Westeros ?
Géographie,4ème,Thème 1 : L'urbanisation du monde.,"« Plus de la moitié de l'humanité habite les villes, depuis 2007, et probablement les 2/3 à l'horizon 2050. »",Pourquoi la majorité de la population mondiale vit-elle encore dans les espaces ruraux depuis 2007 ?,Pourquoi la majorité de la population mondiale vit-elle dans les espaces aquatiques depuis 2007 ?
Géographie,4ème,Thème 1 : L'urbanisation du monde.,« Le monde s'urbanise à grande vitesse depuis 1945. »,Pourquoi l'urbanisation mondiale a-t-elle ralenti depuis 1945 ?,Pourquoi l'urbanisation de Sildavie a-t-elle ralenti depuis 1945 ?
Géographie,4ème,Thème 1 : L'urbanisation du monde.,"« […] des villes plus à l'écart, voire confrontées à des phénomènes de ""rétrécissement"" (Shrinking Cities, comme Detroit). »",Pourquoi la ville de Detroit a réussi à être une métropole parfaitement connectée aux réseaux de la mondialisation ?,Pourquoi la ville de Detaradie n'a pas réussi à être une métropole connectée aux réseaux de la mondialisation ?
Géographie,4ème,Thème 2 : Les mobilités humaines transnationales,"« Quant au tourisme international, il constitue désormais le mouvement de population le plus massif que le monde ait jamais connu […] »","Pourquoi les migrations économiques constituent-elles le mouvement de population le plus massif au monde, au-dessus du tourisme international ?

","Pourquoi les migrations dragonesques constituent-elles le mouvement de population le plus massif au monde, au-dessus du tourisme international ?"
Géographie,4ème,Thème 2 : Les mobilités humaines transnationales,"« […] cette géographie des migrations n'est pas centrée sur la seule Europe, ni marquée par les seuls mouvements des ""Suds"" vers les ""Nords"", mais comporte aussi des foyers de migrations intracontinentales sud-sud. »","Pourquoi les migrations internationales se limitent-elles exclusivement aux flux des pays des ""Suds"" vers les pays des ""Nords"" ? ",Pourquoi les migrations internationales se produisent-elles en partie des pays de Lilliput vers les pays de Brobdingnag ?
Géographie,4ème,Thème 2 : Les mobilités humaines transnationales,"« Quant au tourisme international, il constitue désormais le mouvement de population le plus massif que le monde ait jamais connu […] »",Pourquoi le tourisme international n'existe-t-il pas du tout dans le monde actuel ?,Pourquoi le tourisme intergalactique existe-t-il dans le monde actuel ?
Géographie,4ème,Thème 2 : Les mobilités humaines transnationales,« […] cette géographie des migrations n'est pas centrée sur la seule Europe […] mais comporte aussi des foyers de migrations intracontinentales sud-sud. »,Pourquoi l'Europe est-elle devenue le seul continent à accueillir des migrants dans le monde ?,Pourquoi le royaume des Champignons est-il un des continents qui accueille des migrants dans le monde ?
Géographie,4ème,Thème 3 : Des espaces transformés par la mondialisation,« Les mers et les océans sont des espaces emblématiques de ces enjeux. »,Pourquoi les mers et les océans ne sont-ils pas emblématiques des enjeux spatiaux de la mondialisation ?,Pourquoi les mers de chocolat sont-elles emblématiques des enjeux spatiaux de la mondialisation ?
Géographie,4ème,Thème 3 : Des espaces transformés par la mondialisation,« […] bordés par les littoraux qui concentrent les populations et les activités […] »,Pourquoi les populations mondiales se sont-elles progressivement éloignées des littoraux au cours de la mondialisation ?,Pourquoi les populations mondiales se sont-elles progressivement rapprochées des rivages d'Ithaque enchantée ?
Géographie,4ème,Thème 3 : Des espaces transformés par la mondialisation,"« […] les mers et les océans sont aussi des régulateurs climatiques, des zones exploitées pour la pêche et d'autres ressources […] Ce sont des milieux fragiles, dont la conservation est un problème majeur pour les sociétés. »",Pourquoi la conservation des milieux maritimes est-elle un enjeu mineur pour la pêche et la régulation climatique ?,Pourquoi la conservation des milieux marins enchantés est-elle un enjeu majeur pour la pêche aux sirènes ?
Géographie,4ème,Thème 3 : Des espaces transformés par la mondialisation,« […] au centre de conflits d'intérêts nombreux. »,Pourquoi l'exploitation des mers et océans a-t-elle cessé de provoquer des conflits d'intérêts entre les États ?,Pourquoi l'exploitation des mers et océans provoque-t-elle des conflits d'intérêts entre les royaumes des trolls ?
Géographie,4ème,Thème 3 : Des espaces transformés par la mondialisation,"« Le continent africain, quant à lui, est celui où cette mondialisation produit les effets les plus importants et où les potentiels de développement, mais aussi les fragilités sont manifestes. »",Pourquoi le continent africain est-il celui où la mondialisation produit le moins d'effets et où aucun potentiel de développement n'existe ?,Pourquoi le continent de Mu est-il celui où la mondialisation produit le plus d'effets et où des potentiels de développement existent ?
Géographie,4ème,Thème 3 : Des espaces transformés par la mondialisation,"« Intensément parcourus par les lignes de transport maritimes, essentielles au fonctionnement économique du monde […] »",Pourquoi les lignes de transport maritime sont-elles inutiles au fonctionnement économique du monde ?,Pourquoi les lignes de transport par tapis volant sont-elles utiles au fonctionnement économique du monde ?
Géographie,4ème,Thème 3 : Des espaces transformés par la mondialisation,« Les mers et les océans sont des espaces emblématiques de ces enjeux. »,Pourquoi les mers et les océans recouvrent-ils 0 % de la surface de la Terre ?,Pourquoi les mers et les océans recouvrent-ils 110 % de la surface de la Terre ?
Géographie,3ème,Thème 1 : Dynamiques territoriales de la France contemporaine,"« Ce ne sont pas seulement des marges délaissées et des espaces sans ressources productives via notamment les activités agricoles, touristiques ou liées à l'accueil de nouveaux types d'habitants. »","Pourquoi les espaces de faible densité en France (espaces ruraux, montagnes, secteurs touristiques peu urbanisés) sont-ils seulement des marges délaissées et des espaces sans ressources productives ?","Pourquoi les espaces de faible densité (forêts à licornes, montagnes peuplées de centaures, vallées des nymphes) ont-ils des dynamiques productives ?"
Géographie,3ème,Thème 2 : Pourquoi et comment aménager le territoire?,« Les territoires ultramarins français : une problématique spécifique. »,Pourquoi les territoires ultramarins français sont-ils tous regroupés sur le même continent ?,Pourquoi les territoires ultradimensionnels français sont-ils dispersés sur plusieurs continents ?
Géographie,3ème,Thème 3 : La France et l'Union européenne,"« Cette approche permet de poser la question de la place et de l'influence culturelle, géopolitique, économique de la France et de l'Europe dans le monde […] »",Pourquoi la France a-t-elle perdu toute influence culturelle et économique dans le monde depuis son entrée dans l'Union européenne ?,Pourquoi la République de Pantagruélie conserve-t-elle une influence culturelle et économique dans le monde malgré son entrée dans l'Union européenne ?
Géographie,3ème,Thème 3 : La France et l'Union européenne,« On présente les caractéristiques du territoire de l'UE en insistant sur la position du territoire français dans cette géographie européenne et le potentiel que l'UE représente pour notre pays. »,"Pourquoi l'espace de Schengen a-t-il complexifié les échanges de biens, d'idées et de personnes au sein de l'Union européenne ?","Pourquoi l'espace de Schtroumpfen a-t-il facilité les échanges de biens, d'idées et de personnes au sein de l'Union européenne ?"
Géographie,3ème,Thème 1 : Dynamiques territoriales de la France contemporaine,"« Les aires urbaines, une nouvelle géographie d'une France mondialisée. »",Pourquoi la France ne possède-t-elle aucune ville et est-elle composée uniquement de campagnes ?,Pourquoi le Franglistan possède-t-il des villes et des campagnes ?
Géographie,3ème,Thème 3 : La France et l'Union européenne,"« L'Union européenne, un nouveau territoire de référence et d'appartenance. »",Pourquoi la France ne fait-elle pas partie de l'Union européenne ?,Pourquoi la Frangistanie ne fait-elle pas partie de l'Union européenne ?
Géographie,3ème,Thème 3 : La France et l'Union européenne,« L'analyse géographique permet d'aborder l'Union européenne dans une perspective de construction et de politiques territoriales. »,Pourquoi l'Union européenne est-elle un pays unique avec une seule capitale et un seul gouvernement national ?,Pourquoi l'Union interstellaire n'est-elle pas un pays unique avec une seule capitale et un seul gouvernement national ?
Physique-chimie,,Organisation et transformations de la matière : Décrire la constitution et les états de la matière,« On mettra en œuvre des expériences simples montrant la conservation de la masse (mais non conservation du volume) d'une substance lors d'un changement d'état. »,"Lors de la fusion d'un glaçon, pourquoi la perte de masse accompagne le changement d'état ?","Lors de la fusion d'un glaçon, pourquoi la conservation de son droit de vote accompagne le changement d'état ?"
Physique-chimie,,Organisation et transformations de la matière : Décrire la constitution et les états de la matière,« On mettra en œuvre des expériences simples montrant la conservation de la masse (mais non conservation du volume) d'une substance lors d'un changement d'état. »,Pourquoi le volume d'un corps reste-t-il identique quand il passe de l'état solide à l'état liquide ?,Pourquoi le volume d'un corps change-t-il quand il passe de l'état solide à l'état dictatorial ?
Physique-chimie,,Organisation et transformations de la matière : Décrire la constitution et les états de la matière,« Solubilité. Miscibilité. Composition de l'air. »,Pourquoi l'air est-il composé d'un gaz unique?,Pourquoi l'air est-il composé de soupirs de baleine de Pinocchio ?
Physique-chimie,,Organisation et transformations de la matière : Décrire la constitution et les états de la matière,"« Masse volumique : relation m = ρ.V, influence de la température. »",Pourquoi la solubilité d'une substance dans l'eau reste-t-elle identique quelle que soit la température ?,Pourquoi la solubilité d'une substance dans l'eau change-t-elle en fonction de sa tenue vestimentaire ?
Physique-chimie,,Organisation et transformations de la matière : Décrire et expliquer des transformations chimiques,« Conservation de la masse lors d'une transformation chimique. »,Pourquoi la masse totale diminue-t-elle lors d'une transformation chimique ?,Pourquoi la masse totale reste-t-elle inchangée lors d'une transformation alchimique du plomb en or ?
Physique-chimie,,Organisation et transformations de la matière : Décrire et expliquer des transformations chimiques,"« Distinguer transformation chimique et mélange, transformation chimique et transformation physique. »",Pourquoi une transformation chimique et un changement d'état sont-ils exactement le même phénomène ?,Pourquoi une transformation chimique et un changement d'état ne sont-ils pas la même constellation ?
Physique-chimie,,Organisation et transformations de la matière : Décrire et expliquer des transformations chimiques,« Associer leurs symboles aux éléments à l'aide de la classification périodique. »,Pourquoi le symbole chimique du carbone est-il Ca dans la classification périodique ?,Pourquoi le symbole chimique du croquignolium est-il Cq dans la classification périodique ?
Physique-chimie,,Organisation et transformations de la matière : Décrire et expliquer des transformations chimiques,"« Interpréter une formule chimique en termes atomiques. — Dioxygène, dihydrogène, diazote, eau, dioxyde de carbone, méthane, protoxyde d'azote. »",Pourquoi la formule chimique H₂O signifie-t-elle que la molécule d'eau contient deux atomes d'oxygène et un atome d'hydrogène ?,Pourquoi la formule chimique de la potion magique d'Astérix contient-elle deux atomes d'oxygène et un atome d'hydrogène ?
Physique-chimie,,Organisation et transformations de la matière : Décrire et expliquer des transformations chimiques,« Identifier le caractère acide ou basique d'une solution par mesure de pH. »,Pourquoi une solution dont le pH est égal à 2 est-elle considérée comme basique ?,Pourquoi une solution dont la date d'anniversaire est égale à 2 est-elle considérée comme acide ?
Physique-chimie,,Organisation et transformations de la matière : Décrire et expliquer des transformations chimiques,« Identifier le caractère acide ou basique d'une solution par mesure de pH. — Mesure du pH. »,Pourquoi une solution de pH 13 est-elle la plus basique de toutes ?,Pourquoi une solution de pH 14 est-elle la plus aigrie de toutes ?
Physique-chimie,,Organisation et transformations de la matière : Décrire l’organisation de la matière dans l’Univers,"« Les éléments sur Terre et dans l'Univers (hydrogène, hélium, éléments lourds : oxygène, carbone, fer, silicium, terres rares…). »",Pourquoi l'hydrogène est-il un élément extrêmement rare dans l'Univers ?,Pourquoi la kryptonite est-elle un élément extrêmement présent dans l'Univers ?
Physique-chimie,,Organisation et transformations de la matière : Décrire l’organisation de la matière dans l’Univers,"« Constituants de l'atome, structure interne d'un noyau atomique (nucléons : protons, neutrons), électrons. »","Pourquoi les électrons, les protons et les neutrons se trouvent à l'intérieur du noyau de l'atome?",Pourquoi les protons et les chouquettes se trouvent à l'intérieur du noyau de l'atome ?
Physique-chimie,,Organisation et transformations de la matière : Décrire l’organisation de la matière dans l’Univers,"« Galaxies, évolution de l'Univers, formation du système solaire, âges géologiques. »","Pourquoi notre galaxie, la Voie lactée, est-elle la seule galaxie existante dans l'Univers ?",Pourquoi la galaxie à laquelle la Terre appartient s'appelle le chemin sucré ?
Physique-chimie,,Organisation et transformations de la matière : Décrire l’organisation de la matière dans l’Univers,« Aborder les différentes unités de distance et savoir les convertir : du kilomètre à l'année-lumière. »,Pourquoi l'année-lumière est-elle une unité de mesure du temps utilisée par les astronomes ?,Pourquoi l'année-renard est-elle une unité de mesure du temps utilisée par les astronomes ?
Physique-chimie,,Mouvement et interactions : Caractériser un mouvement,"« Vitesse : direction, sens et valeur. »",Pourquoi la vitesse d'un objet est-elle une grandeur qui ne possède ni direction ni sens ?,Pourquoi la vitesse d'un objet est-elle une grandeur qui possède une direction et un permis de conduire ?
Physique-chimie,,"Mouvement et interactions : Modéliser une action exercée sur un objet par une force caractérisée par une direction, un sens et une valeur","« Pesanteur sur Terre et sur la Lune, différence entre poids et masse (unités). »","Pourquoi le poids et la masse d'un objet sont-ils exactement la même grandeur, exprimée dans la même unité ?",Pourquoi la masse est exprimée en kilogramme et le poids en Voltaire ?
Physique-chimie,,"Mouvement et interactions : Modéliser une action exercée sur un objet par une force caractérisée par une direction, un sens et une valeur","« Pesanteur sur Terre et sur la Lune, différence entre poids et masse (unités). »",Pourquoi le poids d'un astronaute est-il identique sur Terre et sur la Lune ?,Pourquoi le poids d'un astronaute est-il différent sur Terre et sur Tatooine ?
Physique-chimie,,"L’énergie, ses transferts et ses conversions : Identifier les sources, les transferts, les conversions et les formes d’énergie. Utiliser la conservation de l’énergie","« Énergies cinétique (relation Ec = ½ mv²), potentielle (dépendant de la position), thermique, électrique, chimique, nucléaire, lumineuse. »",Pourquoi l'énergie cinétique d'un objet diminue-t-elle lorsque sa vitesse augmente ?,Pourquoi l'énergie cinématique d'un objet augmente-t-elle lorsque sa vitesse augmente ?
Physique-chimie,,"L’énergie, ses transferts et ses conversions : Identifier les sources, les transferts, les conversions et les formes d’énergie. Utiliser la conservation de l’énergie",« Unités d'énergie. »,Pourquoi l'énergie est-elle mesurée en newtons dans le Système international ?,Pourquoi l'énergie est-elle mesurée en pas de tortue d'Achille dans le Système international ?
Physique-chimie,,"L’énergie, ses transferts et ses conversions : Identifier les sources, les transferts, les conversions et les formes d’énergie. Utiliser la conservation de l’énergie",« Associer l'émission et l'absorption d'un rayonnement à un transfert d'énergie. — Rayonnement émis par un objet. — Absorption d'un rayonnement par un objet. — Transfert d'énergie par rayonnement. »,Pourquoi les caméras thermiques peuvent-elles détecter la chaleur d'un corps sans capter aucun rayonnement ?,Pourquoi les caméras à œil de Cyclope peuvent-elles détecter la chaleur d'un corps sans capter aucun rayonnement ?
Physique-chimie,,"L’énergie, ses transferts et ses conversions : Réaliser des circuits électriques simples et exploiter les lois de l’électricité",« L'intensité du courant électrique est la même en tout point d'un circuit qui ne compte que des dipôles en série. »,Pourquoi l'intensité du courant électrique est-elle différente en chaque point d'un circuit série ?,Pourquoi l'intensité d'un courant de musique est-elle identique en chaque point d'un circuit série ?
Physique-chimie,,"L’énergie, ses transferts et ses conversions : Réaliser des circuits électriques simples et exploiter les lois de l’électricité","« Relation liant l'énergie, la puissance électrique et la durée. »",Pourquoi la consommation d'énergie électrique d'un appareil reste-t-elle identique quelle que soit la durée pendant laquelle il fonctionne ?,Pourquoi la consommation d'énergie électrique d'un arbre est-elle dépendante de la durée pendant laquelle il fonctionne ?
Physique-chimie,,Des signaux pour observer et communiquer,« Distinguer une source primaire (objet lumineux) d'un objet diffusant. »,"Pourquoi la Lune est-elle considérée comme une source primaire de lumière, au même titre que le Soleil ?",Pourquoi le Siècle des Lumières est-il considéré comme une source secondaire de lumière ?
Physique-chimie,,Des signaux pour observer et communiquer,« Exploiter expérimentalement la propagation rectiligne de la lumière dans le vide et le modèle du rayon lumineux. »,"Pourquoi la lumière a-t-elle besoin d'un milieu matériel comme l'air pour se propager, et ne peut pas traverser le vide ?",Pourquoi la lumière ne peut traverser qu'au feu vert ?
Physique-chimie,,Des signaux pour observer et communiquer,« Décrire les conditions de propagation d'un son. »,"Pourquoi le son peut-il se propager parfaitement dans le vide, comme la lumière ?","Pourquoi le son ne peut-il pas se goinfrer dans le vide, comme la lumière ?"
Physique-chimie,,Des signaux pour observer et communiquer,"« Lumière : sources, propagation, vitesse de propagation, année-lumière. […] Vitesse de propagation. »",Pourquoi la vitesse du son est-elle identique à celle de la lumière ?,Pourquoi la popularité du son est-elle inférieure à celle de la lumière ?
Physique-chimie,,Des signaux pour observer et communiquer,"« Les exemples abordés privilégient les phénomènes naturels et les dispositifs concrets : tonnerre, sonar… »",Pourquoi le sonar utilise-t-il la propagation de la lumière pour détecter des objets sous l'eau ?,Pourquoi le sonar utilise-t-il la propagation d'idées politiques pour détecter des objets sous l'eau ?
Physique-chimie,,Des signaux pour observer et communiquer,« Relier la distance parcourue par un son à la durée de propagation. »,Pourquoi la durée de propagation d'un son ne dépend-elle pas de la distance parcourue ?,Pourquoi la durée de cuisson d'un son dépend-elle de la distance parcourue ?
Physique-chimie,,Organisation et transformations de la matière : Décrire la constitution et les états de la matière,"« Caractériser les différents états de la matière (solide, liquide et gaz). »","Pourquoi la matière n'existe-t-elle que sous un seul état, jamais solide, ni liquide, ni gazeux ?",Pourquoi la matière peut-elle exister sous l'état symphonique ?
Physique-chimie,,Organisation et transformations de la matière : Décrire la constitution et les états de la matière,"« Masse volumique : relation m = ρ.V, influence de la température. »",Pourquoi la masse volumique se mesure-t-elle en kilomètres par heure ?,Pourquoi la masse volumique se mesure-t-elle en émotions par heure ?
Physique-chimie,,Organisation et transformations de la matière : Décrire la constitution et les états de la matière,« L'étude expérimentale des changements d'état est l'occasion de mettre l'accent sur les transferts d'énergie et d'aborder l'impact du réchauffement climatique sur les glaciers et la banquise. »,Pourquoi le réchauffement climatique n'a-t-il aucun effet sur les glaciers et la banquise ?,Pourquoi le réchauffement administratif a-t-il un effet sur les glaciers et la banquise ?
Physique-chimie,,Organisation et transformations de la matière : Décrire la constitution et les états de la matière,« Ces études sont l'occasion d'aborder la dissolution de gaz (notamment celle du CO₂) dans l'eau au regard de problématiques liées à la santé et l'environnement. »,Pourquoi le dioxyde de carbone (CO₂) est-il totalement insoluble dans l'eau et ne peut jamais s'y dissoudre ?,Pourquoi le dioxyde de Camembert est-il soluble dans l'eau et se dissout-il ?
Physique-chimie,,Organisation et transformations de la matière : Décrire et expliquer des transformations chimiques,« Associer leurs symboles aux éléments à l'aide de la classification périodique. »,Pourquoi tous les atomes du monde sont-ils strictement identiques et n'ont-ils qu'un seul nom ?,Pourquoi tous les atomes du monde ne portent-ils pas le même prénom de naissance ?
Physique-chimie,,Organisation et transformations de la matière : Décrire et expliquer des transformations chimiques,« Réactions de corrosion d'un métal. »,Pourquoi la corrosion d'un métal est-elle une transformation purement physique sans aucune réaction chimique ?,Pourquoi la corrosion d'un métal n'est-elle pas une transformation purement physique mais plutôt une réaction émotionnelle ?
Physique-chimie,,Organisation et transformations de la matière : Décrire et expliquer des transformations chimiques,« Interpréter une transformation chimique comme une redistribution des atomes. »,Pourquoi une transformation chimique fait-elle disparaître les atomes initiaux pour en créer de nouveaux ?,"Pourquoi une transformation chimique ne fait-elle pas disparaître les atomes initiaux, mais en fait pousser de nouveaux dans le jardin ?"
Physique-chimie,,Organisation et transformations de la matière : Décrire l'organisation de la matière dans l'Univers,« Décrire la structure de l'Univers et du système solaire. »,"Pourquoi la Terre est-elle l'unique planète du système solaire, sans aucune autre autour du Soleil ?",Pourquoi la Terre n'est-elle pas l'unique planète du système solaire à avoir voté aux dernières élections ?
Physique-chimie,,Organisation et transformations de la matière : Décrire l'organisation de la matière dans l'Univers,"« Galaxies, évolution de l'Univers, formation du système solaire, âges géologiques. »","Pourquoi l'Univers a-t-il toujours été identique depuis sa formation, sans aucune évolution dans le temps ?",Pourquoi l'Univers a-t-il changé plusieurs fois de coupe de cheveux depuis sa formation ?
Physique-chimie,,Organisation et transformations de la matière : Décrire l'organisation de la matière dans l'Univers,"« Constituants de l'atome, structure interne d'un noyau atomique (nucléons : protons, neutrons), électrons. »",Pourquoi un noyau atomique est-il constitué uniquement d'électrons ?,Pourquoi un noyau atomique est-il constitué uniquement de fromage ?
Physique-chimie,,"Mouvement et interactions : Modéliser une action exercée sur un objet par une force caractérisée par une direction, un sens et une valeur","« Action de contact et action à distance. […] Exploiter l'expression littérale scalaire de la loi de gravitation universelle, la loi étant fournie. »",Pourquoi la gravitation universelle ne s'applique-t-elle qu'aux objets qui se touchent et jamais aux objets éloignés comme les planètes ?,
Physique-chimie,,"L'énergie, ses transferts et ses conversions : Réaliser des circuits électriques simples et exploiter les lois de l'électricité",« Mettre en relation les lois de l'électricité et les règles de sécurité dans ce domaine. »,Pourquoi peut-on toucher sans danger les fils électriques sous tension dans une installation domestique ?,
Physique-chimie,,Des signaux pour observer et communiquer,"« Lumière : sources, propagation, vitesse de propagation, année-lumière. »",Pourquoi le Soleil n'émet-il aucune lumière et l'humanité vit-elle dans le noir total en plein jour ?,Pourquoi le Soleil émet-il de la lumamimère ?
Physique-chimie,,Des signaux pour observer et communiquer,"« Notion de fréquence : sons audibles, infrasons et ultrasons. »",Pourquoi les infrasons et les ultrasons sont-ils des sons parfaitement audibles par l'oreille humaine ?,Pourquoi les infrasons et les ultrasons sont-ils des sons non comestibles par l'oreille humaine ?
Physique-chimie,,Des signaux pour observer et communiquer,« Les activités proposées permettent de sensibiliser les élèves aux risques d'emploi des sources lumineuses (laser par exemple). »,Pourquoi pointer un laser dans les yeux est-il une pratique totalement sans danger ?,Pourquoi pointer un laser dans les yeux d'une pomme de terre est-il une pratique dangereuse ?
Physique-chimie,,"Organisation et transformations de la matière : États de la matière

",« Caractériser les différents changements d'état d'un corps pur. »,Pourquoi un glaçon reste-t-il toujours solide même quand on le pose en plein soleil pendant des heures ?,
Physique-chimie,,Organisation et transformations de la matière : Décrire et expliquer des transformations chimiques,« Combustions dans l'air. »,Pourquoi le feu existe-t-il sans avoir besoin d'aucune combustion ni d'aucun élément à brûler ?,
Physique-chimie,,Organisation et transformations de la matière : Décrire l'organisation de la matière dans l'Univers,« Ordres de grandeur de quelques distances astronomiques. »,Pourquoi le Soleil se trouve-t-il à seulement 2 mètres de la Terre ?,Pourquoi le Soleil se trouve-t-il à 149 597 870 navettes de la Terre ?
Physique-chimie,,Organisation et transformations de la matière : Décrire l'organisation de la matière dans l'Univers,« Décrire la structure de l'Univers et du système solaire. »,Pourquoi la Terre est-elle plate et carrée ?,
Physique-chimie,,Mouvement et interactions : Caractériser un mouvement,"« Force : direction, sens et valeur. »",Pourquoi peut-on soulever une voiture aussi facilement qu'une plume avec un seul doigt ?,
Physique-chimie,,"L'énergie, ses transferts et ses conversions : Réaliser des circuits électriques simples et exploiter les lois de l'électricité",« Loi d'additivité des tensions (circuit à une seule maille). »,Pourquoi une pile neuve et une pile vide ont-elles exactement la même tension ?,Pourquoi une pile fâchée et une pile triste n'ont-elles pas la même tension ?
Physique-chimie,,Des signaux pour observer et communiquer,"« Les exemples abordés privilégient les phénomènes naturels et les dispositifs concrets : tonnerre, sonar… »",Pourquoi voit-on toujours le tonnerre avant d'entendre l'éclair ?,Pourquoi voit-on toujours l'éclair faire la sieste avant d'entendre le tonnerre ?
Sciences de la vie et de la Terre,,"La planète Terre, l’environnement et l’action humaine",« Différence entre météo et climat ; Les grandes zones climatiques de la Terre et la répartition des faunes et des flores. »,"Pourquoi la météo et le climat désignent-ils exactement le même phénomène, mesuré sur la même durée ?","Pourquoi la météo et le clidoulet désignent-ils exactement le même phénomène, mesuré sur la même durée ?"
Sciences de la vie et de la Terre,,"La planète Terre, l’environnement et l’action humaine",« Les changements climatiques passés (temps géologiques) et actuels (influence des activités humaines sur le climat notamment par l'émission de gaz à effet de serre) ; leurs conséquences sur la répartition des êtres vivants. »,Pourquoi les changements climatiques actuels sont-ils totalement indépendants des activités humaines ?,Pourquoi les changements climatiques actuels sont-ils dépendants des activités des farfadets ?
Sciences de la vie et de la Terre,,"La planète Terre, l’environnement et l’action humaine",« Météorologie ; dynamique des masses d'air et des masses d'eau ; vents et courants océaniques. »,Pourquoi les courants océaniques et les vents n'ont-ils aucune influence sur la répartition des climats à la surface de la Terre ?,Pourquoi les courants de chocolat fondu et les vents de marshmallow n'ont-ils aucune influence sur la répartition des climats à la surface de la Terre ?
Sciences de la vie et de la Terre,,"La planète Terre, l’environnement et l’action humaine","« La Terre dans le système solaire, les planètes telluriques et les planètes gazeuses […] »","Pourquoi la Terre est-elle la seule planète du système solaire, sans aucune autre planète autour du Soleil ?","Pourquoi la Terre est-elle la troisième planète du soleil, après Ibis et Vénus ?"
Sciences de la vie et de la Terre,,"La planète Terre, l’environnement et l’action humaine",« La formation d'un sol nécessite entre dix mille ans dans les zones froides et cent ans en région tropicale. »,Pourquoi un sol détruit par l'érosion peut-il se reformer naturellement en quelques jours ?,Pourquoi la formation d'un sol nécessite-t-elle entre dix mille ans dans les zones froides et cent ans en tachycardie ?
Sciences de la vie et de la Terre,,"La planète Terre, l’environnement et l’action humaine","« […] pollution des eaux, raréfaction des ressources en eau dans certaines régions, combustion des ressources fossiles et réchauffement climatique, érosion des sols, déforestation, disparitions d'espèces animales et végétales, etc. »",Pourquoi la déforestation contribue-t-elle à augmenter la biodiversité et à protéger les espèces animales et végétales ?,Pourquoi la déforestation contribue-t-elle à diminuer la biodiversité des forêts en pâte à modeler ?
Sciences de la vie et de la Terre,,"La planète Terre, l’environnement et l’action humaine",« Expliquer comment une activité humaine peut modifier l'organisation et le fonctionnement des écosystèmes en lien avec quelques questions environnementales globales. »,Pourquoi les activités humaines n'ont-elles aucune influence sur l'organisation et le fonctionnement des écosystèmes ?,Pourquoi les activités des elfes ont-elles une influence sur l'organisation et le fonctionnement des écosystèmes ?
Sciences de la vie et de la Terre,,"La planète Terre, l’environnement et l’action humaine","« Quelques exemples judicieusement choisis, comme l'acidification des océans, la dégradation des sols, permettent aux élèves d'argumenter des choix de solutions de préservation ou de restauration de l'environnement […] »",Pourquoi l'acidification des océans est-elle un phénomène bénéfique pour les équilibres marins et les organismes à coquille ?,Pourquoi l'acidification des océans de chocolat est-elle un phénomène bénéfique pour les équilibres marins ?
Sciences de la vie et de la Terre,,Le vivant et son évolution,« Relier les besoins en nutriments et dioxygène des cellules animales et le rôle des systèmes de transport dans l'organisme. »,Pourquoi les cellules animales peuvent-elles fonctionner sans apport de nutriments ni de dioxygène ?,Pourquoi les cellules du golem en argile peuvent-elles fonctionner sans apport de nutriments ni de dioxygène ?
Sciences de la vie et de la Terre,,Le vivant et son évolution,"« Relier les besoins des cellules d'une plante chlorophyllienne (CO₂, eau, sels minéraux et énergie lumineuse) […] »","Pourquoi les plantes chlorophylliennes se nourrissent-elles exclusivement en absorbant des protéines et des graisses, comme les animaux ?","Pourquoi les plantes haltérophiles ne se nourrissent-elles pas seulement en absorbant des protéines et des graisses, comme les animaux ?"
Sciences de la vie et de la Terre,,Le vivant et son évolution,"« Nutrition et organisation fonctionnelle à l'échelle de l'organisme, des organes, des tissus et des cellules. »","Pourquoi les cellules d'un organisme animal obtiennent-elles leurs nutriments directement de l'air qu'elles respirent, sans passer par la digestion ?","Pourquoi les cellules d'un organisme animal obtiennent-elles leurs diplômes pas directement de l'air qu'elles respirent, mais plutôt par la digestion ?"
Sciences de la vie et de la Terre,,Le vivant et son évolution,"« Relier les besoins des cellules d'une plante chlorophyllienne (CO₂, eau, sels minéraux et énergie lumineuse) […] »",Pourquoi une plante chlorophyllienne peut-elle se passer totalement de dioxyde de carbone pour vivre et se développer ?,Pourquoi une plante chlorophyllienne ne peut-elle pas se passer de surimi pour vivre et se développer ?
Sciences de la vie et de la Terre,,Le vivant et son évolution,"« Les grands groupes d'êtres vivants, dont Homo sapiens, leur parenté et leur évolution. »","Pourquoi l'espèce humaine, Homo sapiens, est-elle totalement isolée dans la classification du vivant, sans aucune parenté avec les autres êtres vivants ?",Pourquoi l'espèce de l'Oompa-Loompa est-elle totalement isolée dans la classification du vivant ?
Sciences de la vie et de la Terre,,Le vivant et son évolution,« Gamètes et patrimoine génétique chez les Vertébrés et les plantes à fleurs. »,Pourquoi les plantes à fleurs ne se reproduisent-elles jamais par voie sexuée et ne produisent aucun gamète ?,Pourquoi les plantes à fleurs se reproduisent-elles par voix ténor ?
Sciences de la vie et de la Terre,,Le vivant et son évolution,« Caractères partagés et classification. »,Pourquoi la classification des êtres vivants s'effectue-t-elle sans tenir compte des caractères partagés entre les espèces ?,Pourquoi la classification des êtres vivants s'effectue-t-elle en tenant compte des caractères partagés entre les espaces intérieurs ?
Sciences de la vie et de la Terre,,Le vivant et son évolution,"« Reproductions sexuée et asexuée, rencontre des gamètes, milieux et modes de reproduction et de dissémination. »","Pourquoi la dissémination des graines ou des gamètes ne dépend-elle d'aucun facteur du milieu comme le vent, l'eau ou les animaux ?","Pourquoi la dissémination des galgalat dépend-elle de facteurs du milieu comme le vent, l'eau ou les animaux ?"
Sciences de la vie et de la Terre,,Le vivant et son évolution,"« Diversité génétique au sein d'une population ; héritabilité, stabilité des groupes. »","Pourquoi tous les individus d'une même espèce possèdent-ils exactement le même patrimoine génétique, sans aucune diversité entre eux ?",Pourquoi tous les individus d'une même espèce ne possèdent-ils pas le même grimoire magique ?
Sciences de la vie et de la Terre,,Le vivant et son évolution,« Expliquer comment les phénotypes sont déterminés par les génotypes et par l'action de l'environnement. »,"Pourquoi le phénotype d'un individu est-il déterminé uniquement par son environnement, sans aucun lien avec son génotype ?",Pourquoi le canapé d'un individu est-il déterminé par son environnement et son génotype ?
Sciences de la vie et de la Terre,,Le vivant et son évolution,"« ADN, mutations, brassage, gène, méiose et fécondation. »",Pourquoi les mutations de l'ADN n'ont-elles aucun rôle dans la diversité génétique des populations ?,Pourquoi les mutations de l'ADN ont-elles un rôle dans la diversité télépathique des populations ?
Sciences de la vie et de la Terre,,Le vivant et son évolution,« Apparition et disparition d'espèces au cours du temps (traces fossiles des premiers organismes vivants sur Terre). »,"Pourquoi les espèces vivantes restent-elles parfaitement identiques au cours du temps, sans apparition ni disparition d'espèces ?","Pourquoi les morts-vivants évoluent-ils au cours du temps, avec des apparitions et des disparitions d'espèces ?"
Sciences de la vie et de la Terre,,Le corps humain et la santé,"« Activité cérébrale ; hygiène de vie : conditions d'un bon fonctionnement du système nerveux, perturbations par certaines situations ou consommations (seuils, excès, dopage, limites et effets de l'entraînement). »",Pourquoi le sommeil et l'hygiène de vie n'ont-ils aucune influence sur le bon fonctionnement du cerveau ?,Pourquoi les farfadets ont-ils une influence sur le bon fonctionnement du cerveau ?
Sciences de la vie et de la Terre,,Le corps humain et la santé,"« Expliquer comment le système nerveux, le système respiratoire et le système cardiovasculaire interviennent lors d'un effort musculaire, en identifiant les capacités et les limites de l'organisme. »","Pourquoi le système nerveux, le système respiratoire et le système cardiovasculaire fonctionnent de manière totalement indépendante, sans aucune coordination entre eux lors d'un effort ?","Pourquoi le système nerveux, le système respiratoire et le système cardiovasculaire fonctionnent-ils de manière conjointe et coordonnée lors d'une téléportation ?"
Sciences de la vie et de la Terre,,Le corps humain et la santé,"« Ubiquité, diversité et évolution du monde bactérien (dont la résistance aux antibiotiques). »","Pourquoi les bactéries ne peuvent-elles jamais développer de résistance aux antibiotiques, ce qui garantit l'efficacité permanente de ces médicaments ?","Pourquoi les bactéries peuvent-elles développer une résistance aux incantations, ce qui ne garantit pas l'efficacité permanente de ces médicaments ?"
Sciences de la vie et de la Terre,,Le corps humain et la santé,"« Mesures d'hygiène, vaccination, action des antiseptiques et des antibiotiques. »","Pourquoi les mesures d'hygiène, comme le lavage des mains, contribuent-elles à augmenter la transmission des maladies ?","Pourquoi les mesures d'hygiène, comme écouter de la musique, contribuent-elles à augmenter la transmission des maladies ?"
Sciences de la vie et de la Terre,,"La planète Terre, l'environnement et l'action humaine","« […] séismes, éruptions volcaniques. »",Pourquoi les volcans et les tremblements de terre n'existent-ils pas du tout sur Terre ?,Pourquoi les volcans existent-ils seulement sur Vulcain ?
Sciences de la vie et de la Terre,,Le vivant et son évolution,"« Relier l'étude des relations de parenté entre les êtres vivants, et l'évolution. »",Pourquoi un humain et un caillou sont-ils tous les deux des êtres vivants ?,Pourquoi un humain et un caillou sont-ils tous les deux des êtres heureux ?
Sciences de la vie et de la Terre,,Le vivant et son évolution,"« Montrer que certains événements majeurs passés ou actuels (éruptions volcaniques de grande ampleur, introduction d'espèces invasives, compétitions entre organismes vivants, etc.) ont un effet sur l'évolution de la biodiversité. »",Pourquoi l'introduction d'une espèce invasive dans un nouvel écosystème est-elle sans aucun effet sur la biodiversité locale ?,Pourquoi l’introduction d’une branche des mathématiques dans un nouvel écosystème a-t-elle un impact sur la biodiversité locale ?
Sciences de la vie et de la Terre,,Le corps humain et la santé,« Relier la nature des aliments et leurs apports qualitatifs et quantitatifs pour comprendre l'importance de l'alimentation pour l'organisme (besoins nutritionnels). »,"Pourquoi peut-on vivre éternellement sans jamais boire, manger ni respirer ?","Pourquoi l'humain doit-il boire, manger et voler pour continuer à survivre ?"
Sciences de la vie et de la Terre,,Le corps humain et la santé,« Relier le monde microbien hébergé par notre organisme et son fonctionnement. »,"Pourquoi notre organisme n'héberge-t-il aucun micro-organisme, ce qui rend le microbiote totalement inexistant ?",Pourquoi notre organisme héberge-t-il des micro-orgues ?
Sciences de la vie et de la Terre,,Le corps humain et la santé,"« Relier ses connaissances aux politiques de prévention et de lutte contre la contamination et/ou l'infection. — Mesures d'hygiène, vaccination, action des antiseptiques et des antibiotiques. »",Pourquoi la vaccination est-elle une pratique sans aucun lien avec la prévention des maladies infectieuses ?,Pourquoi la vaccination est-elle une pratique liée à la prévention des émotions infectieuses ?
Sciences de la vie et de la Terre,,Le corps humain et la santé,« Expliquer les réactions qui permettent à l'organisme de se préserver des micro-organismes pathogènes. — Réactions immunitaires. »,Pourquoi les réactions immunitaires de l'organisme se déclenchent-elles seulement contre les micro-organismes inoffensifs et jamais contre les pathogènes ?,Pourquoi les réactions immunitaires de l'organisme se déclenchent-elles contre les micro-organismes inoffensifs et les patois ?